card	title	url	author
card54493	哀音	cards/001607/card54493.html	末吉 安持
card46880	愛国百人一首評釈	cards/001059/card46880.html	斎藤 茂吉
card44537	愛妻家の一例	cards/001154/card44537.html	岸田 国士
card55105	愛陶語録	cards/001403/card55105.html	北大路 魯山人
card54166	赤いねこ	cards/001180/card54166.html	沖野 岩三郎
card47209	赤坂城の謀略	cards/000255/card47209.html	国枝 史郎
card53946	アカシヤと桑	cards/001604/card53946.html	桜間 中庸
card24389	秋の歌	cards/000042/card24389.html	寺田 寅彦
card45622	秋の筑波山	cards/000237/card45622.html	大町 桂月
card55466	秋の悲歎	cards/000678/card55466.html	富永 太郎
card52250	悪僧	cards/000154/card52250.html	田中 貢太郎
card59978	芥川竜之介の追憶	cards/000067/card59978.html	萩原 朔太郎
card56701	悪魔の顔	cards/001670/card56701.html	野村 胡堂
card55755	浅草哀歌	cards/000106/card55755.html	北原 白秋
card58399	汗	cards/000076/card58399.html	岡本 かの子
card2728	新しきシベリアを横切る	cards/000311/card2728.html	宮本 百合子
card56962	新らしき婦人の男性観	cards/000416/card56962.html	伊藤 野枝
card4050	「あたりまえ」の一人の主婦	cards/000311/card4050.html	宮本 百合子
card45281	熱い砂の上	cards/000183/card45281.html	牧野 信一
card4139	あとがき（『二つの庭』）	cards/000311/card4139.html	宮本 百合子
card4138	あとがき（『宮本百合子選集』第八巻）	cards/000311/card4138.html	宮本 百合子
card4137	あとがき（『モスクワ印象記』）	cards/000311/card4137.html	宮本 百合子
card45257	アメリカ独立宣言	cards/001189/card45257.html	ジェファーソン トマス
card54941	鮎を食う	cards/001403/card54941.html	北大路 魯山人
card219	在りし日の歌	cards/000026/card219.html	中原 中也
card47896	或女友達への手紙	cards/000075/card47896.html	リルケ ライネル・マリア
card47944	歩くこと	cards/001311/card47944.html	三好 十郎
card58091	ある死、次の死	cards/001904/card58091.html	佐佐木 茂索
card55832	或る別れ	cards/001751/card55832.html	北尾 亀男
card43172	安吾巷談	cards/001095/card43172.html	坂口 安吾
card43183	安吾巷談	cards/001095/card43183.html	坂口 安吾
card52891	蚊	cards/000183/card52891.html	牧野 信一
card51377	海援隊約規	cards/000908/card51377.html	坂本 竜馬
card48224	開業医	cards/000118/card48224.html	長塚 節
card57227	かいじん二十めんそう	cards/001779/card57227.html	江戸川 乱歩
card50618	快走	cards/000076/card50618.html	岡本 かの子
card58961	回想	cards/001581/card58961.html	正宗 白鳥
card1968	海浜一日	cards/000311/card1968.html	宮本 百合子
card3720	外来の音楽家に感謝したい	cards/000311/card3720.html	宮本 百合子
card50585	蛙を食う岩魚	cards/001248/card50585.html	佐藤 垢石
card47859	顔	cards/001030/card47859.html	堀 辰雄
card46365	顔	cards/001168/card46365.html	高村 光太郎
card56068	篝火の女	cards/001562/card56068.html	吉川 英治
card48280	学問ハ淵源ヲ深クスルニ在ルノ論	cards/001323/card48280.html	西 周
card53985	影絵師	cards/001604/card53985.html	桜間 中庸
card54335	舟夫	cards/001658/card54335.html	渡久山 水鳴
card57506	火星の運河	cards/001779/card57506.html	江戸川 乱歩
card462	風の又三郎	cards/000081/card462.html	宮沢 賢治
card45207	「風博士」	cards/000183/card45207.html	牧野 信一
card282	家庭の幸福	cards/000035/card282.html	太宰 治
card1764	家庭の痛恨	cards/000067/card1764.html	萩原 朔太郎
card42393	過渡人	cards/000906/card42393.html	豊島 与志雄
card48032	蟹満寺縁起	cards/000082/card48032.html	岡本 綺堂
card54793	金がきたら	cards/001675/card54793.html	竹内 浩三
card56739	樺細工の道	cards/001520/card56739.html	柳 宗悦
card45482	兜	cards/000082/card45482.html	岡本 綺堂
card1615	蟇の血	cards/000154/card1615.html	田中 貢太郎
card2460	カメラをさげて	cards/000042/card2460.html	寺田 寅彦
card55106	河井寛次郎近作展の感想	cards/001403/card55106.html	北大路 魯山人
card51523	考えこじき	cards/001475/card51523.html	小川 未明
card3809	寒山拾得	cards/000879/card3809.html	芥川 龍之介
card43732	寒山拾得縁起	cards/000129/card43732.html	森 鴎外
card24444	環礁	cards/000119/card24444.html	中島 敦
card45099	カンテラ	cards/000121/card45099.html	新美 南吉
card42472	最近の菊池寛氏	cards/000906/card42472.html	豊島 与志雄
card4038	歳月	cards/000311/card4038.html	宮本 百合子
card54022	再生の日の海を眺めて	cards/001622/card54022.html	松本 淳三
card58660	作文三篇	cards/000093/card58660.html	南方 熊楠
card4556	桜	cards/000076/card4556.html	岡本 かの子
card58004	左千夫先生への追憶	cards/001429/card58004.html	石原 純
card47945	殺意（ストリップショウ）	cards/001311/card47945.html	三好 十郎
card855	錯覚自我説	cards/000159/card855.html	辻 潤
card45859	作家論について	cards/001095/card45859.html	坂口 安吾
card4484	皿屋敷	cards/000154/card4484.html	田中 貢太郎
card623	山月記	cards/000119/card623.html	中島 敦
card2501	三斜晶系	cards/000042/card2501.html	寺田 寅彦
card2	三十三の死	cards/000012/card2.html	素木 しづ
card794	三四郎	cards/000148/card794.html	夏目 漱石
card4682	『三四郎』予告	cards/000148/card4682.html	夏目 漱石
card4186	大正十二年九月一日よりの東京・横浜間大震火災についての記録	cards/000311/card4186.html	宮本 百合子
card52315	大植物図鑑	cards/001556/card52315.html	松村 任三
card52314	大植物図鑑	cards/001555/card52314.html	本多 静六
card51599	太陽と星の下	cards/001475/card51599.html	小川 未明
card50161	他計甚麽（竹島）雑誌	cards/001408/card50161.html	松浦 武四郎
card3885	田端の坂	cards/000311/card3885.html	宮本 百合子
card1290	ダミア	cards/000076/card1290.html	岡本 かの子
card7925	短歌	cards/000311/card7925.html	宮本 百合子
card3143	男女交際より家庭生活へ	cards/000311/card3143.html	宮本 百合子
card2445	断水の日	cards/000042/card2445.html	寺田 寅彦
card43160	単独犯行に非ず	cards/001095/card43160.html	坂口 安吾
card3736	断片的なもの	cards/000311/card3736.html	宮本 百合子
card58849	ナイチンゲール	cards/000019/card58849.html	アンデルセン ハンス・クリスチャン
card1360	長篠合戦	cards/000083/card1360.html	菊池 寛
card47642	夏の夜	cards/000726/card47642.html	長谷川 時雨
card330	怠惰屋の弟子入り	cards/000038/card330.html	国木田 独歩
card47322	楠公夫人	cards/000355/card47322.html	上村 松園
card619	南島譚	cards/000119/card619.html	中島 敦
card51030	灰色の姉と桃色の妹	cards/001475/card51030.html	小川 未明
card4275	梅花に対する感情	cards/000879/card4275.html	芥川 龍之介
card44374	俳優の素質	cards/001154/card44374.html	岸田 国士
card1959	墓	cards/000311/card1959.html	宮本 百合子
card1546	幕末維新懐古談	cards/000270/card1546.html	高村 光雲
card45967	幕末維新懐古談	cards/000270/card45967.html	高村 光雲
card46543	幕末維新懐古談	cards/000270/card46543.html	高村 光雲
card47037	幕末維新懐古談	cards/000270/card47037.html	高村 光雲
card56655	箱の中のあなた	cards/001801/card56655.html	山川 方夫
card44412	走るノート	cards/001154/card44412.html	岸田 国士
card1522	初蛙	cards/000150/card1522.html	薄田 泣菫
card42	鼻	cards/000879/card42.html	芥川 龍之介
card372	鼻	cards/000207/card372.html	ゴーゴリ ニコライ
card49534	はなしの話	cards/000082/card49534.html	岡本 綺堂
card52985	花と人間の話	cards/001475/card52985.html	小川 未明
card630	花のき村と盗人たち	cards/000121/card630.html	新美 南吉
card2331	花物語	cards/000042/card2331.html	寺田 寅彦
card41	母	cards/000879/card41.html	芥川 龍之介
card47230	ハビアン説法	cards/001157/card47230.html	神西 清
card47168	流行唄	cards/001294/card47168.html	兼常 清佐
card4196	巴里祭	cards/000076/card4196.html	岡本 かの子
card43085	巴里の唄うたい	cards/000076/card43085.html	岡本 かの子
card60200	遥かな旅	cards/000293/card60200.html	原 民喜
card53779	『春の岬』序詩	cards/001749/card53779.html	三好 達治
card46	春の夜	cards/000879/card46.html	芥川 龍之介
card50018	ハワイの食用蛙	cards/001403/card50018.html	北大路 魯山人
card43	手巾	cards/000879/card43.html	芥川 龍之介
card959	半七捕物帳	cards/000082/card959.html	岡本 綺堂
card961	半七捕物帳	cards/000082/card961.html	岡本 綺堂
card1021	半七捕物帳	cards/000082/card1021.html	岡本 綺堂
card1017	半七捕物帳	cards/000082/card1017.html	岡本 綺堂
card43264	範疇としての空間に就いて	cards/000281/card43264.html	戸坂 潤
card3477	犯人	cards/000311/card3477.html	宮本 百合子
card4793	マダム貞奴	cards/000726/card4793.html	長谷川 時雨
card50284	町中の月	cards/001341/card50284.html	永井 荷風
card46585	松島に於て芭蕉翁を読む	cards/000157/card46585.html	北村 透谷
card48476	真夏日の散歩	cards/000293/card48476.html	原 民喜
card42562	幻の園	cards/000906/card42562.html	豊島 与志雄
card59522	マリアの子ども	cards/001091/card59522.html	グリム ヤーコプ・ルートヴィッヒ・カールグリム ヴィルヘルム・カール
card52803	満里子のこと	cards/000183/card52803.html	牧野 信一
card2437	丸善と三越	cards/000042/card2437.html	寺田 寅彦
card4430	万葉集巻十六	cards/000305/card4430.html	正岡 子規
card894	山羊の歌	cards/000026/card894.html	中原 中也
card4435	厄年と etc.	cards/000042/card4435.html	寺田 寅彦
card1663	野狐	cards/000126/card1663.html	田中 英光
card46828	瘠我慢の説	cards/001206/card46828.html	石河 幹明
card46386	山越しの阿弥陀像の画因	cards/000933/card46386.html	折口 信夫
card45497	山越しの弥陀	cards/000933/card45497.html	折口 信夫釈 迢空
card56555	山と村	cards/001373/card56555.html	木暮 理太郎
card472	やまなし	cards/000081/card472.html	宮沢 賢治
card46977	癩者	cards/000997/card46977.html	北条 民雄
card128	羅生門	cards/000879/card128.html	芥川 龍之介
card58579	ラヂオ閑話	cards/001943/card58579.html	成沢 玲川
card45371	裸虫抄	cards/000183/card45371.html	牧野 信一
card3166	若き時代の道	cards/000311/card3166.html	宮本 百合子
card55737	我邦感傷主義寸感	cards/000026/card55737.html	中原 中也
card789	吾輩は猫である	cards/000148/card789.html	夏目 漱石
card47204	和歌批判の範疇	cards/000933/card47204.html	折口 信夫
card2876	私の会ったゴーリキイ	cards/000311/card2876.html	宮本 百合子
card49722	私の仕事 松篁の仕事	cards/000355/card49722.html	上村 松園
card45136	私の祖父	cards/001179/card45136.html	土田 耕平
card205	私の父と母	cards/000025/card205.html	有島 武郎
card55517	我等の春	cards/001471/card55517.html	今野 大力
card3301	生きるための協力者	cards/000311/card3301.html	宮本 百合子
card4970	幾度目かの最期	cards/001052/card4970.html	久坂 葉子
card4076	石川啄木と小奴	cards/000286/card4076.html	野口 雨情
card50238	医者と赤ン坊	cards/000026/card50238.html	中原 中也
card3038	維新史の資料に就て	cards/000284/card3038.html	内藤 湖南
card3628	一条の詭弁	cards/000168/card3628.html	横光 利一
card47899	一挿話	cards/001030/card47899.html	堀 辰雄
card52039	田舎のお母さん	cards/001475/card52039.html	小川 未明
card44967	いぬさん と おねこさん	cards/001172/card44967.html	村山 籌子
card1807	稲生播磨守	cards/000290/card1807.html	林 不忘
card4401	祇園の枝垂桜	cards/000065/card4401.html	九鬼 周造
card45140	騎士屋	cards/001179/card45140.html	土田 耕平
card55010	気象台風景	cards/001667/card55010.html	仲村 渠
card50926	魏志倭人伝	cards/001477/card50926.html	陳 寿
card54357	季節抄	cards/001652/card54357.html	森川 義信
card55221	きその日は	cards/000961/card55221.html	ダンテ アリギエリ
card56740	北九州の窯	cards/001520/card56740.html	柳 宗悦
card51760	北と南に憧がれる心	cards/001475/card51760.html	小川 未明
card46299	昨日・今日・明日	cards/000040/card46299.html	織田 作之助
card260	逆行	cards/000035/card260.html	太宰 治
card1742	牛人	cards/000119/card1742.html	中島 敦
card4537	旧聞日本橋	cards/000726/card4537.html	長谷川 時雨
card49969	胡瓜	cards/001403/card49969.html	北大路 魯山人
card290	狂言の神	cards/000035/card290.html	太宰 治
card456	銀河鉄道の夜	cards/000081/card456.html	宮沢 賢治
card53927	〔金魚は青空を食べてふくらみ〕	cards/001604/card53927.html	桜間 中庸
card49554	銀座の朝	cards/000082/card49554.html	岡本 綺堂
card47141	錦紗	cards/001289/card47141.html	犬田 卯
card42632	銀の笛と金の毛皮	cards/000906/card42632.html	豊島 与志雄
card58153	The Affair of Two Watches	cards/001383/card58153.html	谷崎 潤一郎
card42293	ジエィン・エア	cards/000601/card42293.html	十一谷 義三郎
card54231	四季	cards/001585/card54231.html	槙村 浩
card844	刺繍	cards/000158/card844.html	島崎 藤村
card601	四十余日	cards/000112/card601.html	水野 仙子
card13209	辞書	cards/000933/card13209.html	折口 信夫
card47805	実悪役者を望む	cards/000933/card47805.html	折口 信夫
card52897	失題	cards/000183/card52897.html	牧野 信一
card3602	辞典	cards/000281/card3602.html	戸坂 潤
card7939	自伝	cards/000022/card7939.html	三島 霜川
card44634	支那人研究	cards/001154/card44634.html	岸田 国士
card46513	支那の明器	cards/001245/card46513.html	会津 八一
card60030	死神の名づけ親（第一話）	cards/001091/card60030.html	グリム ヤーコプ・ルートヴィッヒ・カールグリム ヴィルヘルム・カール
card59331	詩に告別した室生犀星君へ	cards/000067/card59331.html	萩原 朔太郎
card5008	死の接吻	cards/000048/card5008.html	南部 修太郎
card53663	詩諷	cards/001585/card53663.html	槙村 浩
card46373	自分と詩との関係	cards/001168/card46373.html	高村 光太郎
card405	自分のこと	cards/000048/card405.html	南部 修太郎
card52433	私本太平記	cards/001562/card52433.html	吉川 英治
card48880	島からの帰途	cards/000214/card48880.html	田山 花袋田山 録弥
card44355	島国的僻見	cards/001154/card44355.html	岸田 国士
card48882	島の唄	cards/000214/card48882.html	田山 花袋田山 録弥
card57446	写生断片	cards/000118/card57446.html	長塚 節
card56916	シャリアピン	cards/000124/card56916.html	小熊 秀雄
card42596	ジャン・クリストフ	cards/001093/card42596.html	ロラン ロマン
card3062	十月革命と婦人の解放	cards/000287/card3062.html	野呂 栄太郎
card48721	充実した文章	cards/000214/card48721.html	田山 花袋田山 録弥
card58014	十年	cards/000119/card58014.html	中島 敦
card48464	秋旻	cards/000293/card48464.html	原 民喜
card2628	樹木とその葉	cards/000162/card2628.html	若山 牧水
card2621	樹木とその葉	cards/000162/card2621.html	若山 牧水
card43686	俊寛	cards/000256/card43686.html	倉田 百三
card1101	俊寛	cards/000083/card1101.html	菊池 寛
card53101	春雪の出羽路の三日	cards/001344/card53101.html	喜田 貞吉
card52374	春昼	cards/000035/card52374.html	太宰 治
card42951	正午の殺人	cards/001095/card42951.html	坂口 安吾
card50245	小詩論	cards/000026/card50245.html	中原 中也
card45445	小豆島	cards/000037/card45445.html	黒島 伝治
card48074	『少年科学探偵』序	cards/000262/card48074.html	小酒井 不木
card48502	常磐の山水	cards/000237/card48502.html	大町 桂月
card13204	商品としての近代小説	cards/000221/card13204.html	平林 初之輔
card52793	昭和五年に発表せる創作・評論に就て	cards/000183/card52793.html	牧野 信一
card56999	書簡 大杉栄宛	cards/000416/card56999.html	伊藤 野枝
card42346	植物医師	cards/000081/card42346.html	宮沢 賢治
card1281	食魔	cards/000076/card1281.html	岡本 かの子
card3180	女性週評	cards/000311/card3180.html	宮本 百合子
card52391	白南風	cards/000106/card52391.html	北原 白秋
card54080	市立共同宿泊所	cards/001632/card54080.html	大江 鉄麿
card56099	新奇談クラブ	cards/001670/card56099.html	野村 胡堂
card52068	真吉とお母さん	cards/001475/card52068.html	小川 未明
card58903	新憲法の解説	cards/001924/card58903.html	吉田 茂
card55447	人工天国	cards/001732/card55447.html	ボードレール シャルル・ピエール
card13217	真珠夫人	cards/000083/card13217.html	菊池 寛
card56757	新書太閤記	cards/001562/card56757.html	吉川 英治
card3343	人造人間戦車の機密	cards/000160/card3343.html	海野 十三
card49894	人物埴輪の眼	cards/001395/card49894.html	和辻 哲郎
card3403	身辺雑記	cards/000874/card3403.html	尾形 亀之助
card48119	『心理試験』を読む	cards/000221/card48119.html	平林 初之輔
card42563	神話と青春との復活	cards/000906/card42563.html	豊島 与志雄
card53154	稚子ヶ淵	cards/001475/card53154.html	小川 未明
card51229	父の婚礼	cards/000248/card51229.html	上司 小剣
card56914	諜報中継局	cards/000160/card56914.html	海野 十三
card58050	「ニールスのふしぎな旅 上」まえがき	cards/001891/card58050.html	矢崎 源九郎
card47475	偽刑事	cards/001306/card47475.html	川田 功
card646	二銭銅貨	cards/000037/card646.html	黒島 伝治
card4252	日輪	cards/000168/card4252.html	横光 利一
card46245	日記	cards/000311/card46245.html	宮本 百合子
card46246	日記	cards/000311/card46246.html	宮本 百合子
card44427	日本史上の奥州	cards/001037/card44427.html	原 勝郎
card3338	日本の肖像画と鎌倉時代	cards/000284/card3338.html	内藤 湖南
card56492	日本名婦伝	cards/001562/card56492.html	吉川 英治
card47058	『人形の家』解説	cards/000599/card47058.html	島村 抱月
card53471	人間と湯沸かし	cards/001475/card53471.html	小川 未明
card58170	人間豹	cards/001779/card58170.html	江戸川 乱歩
card458	ひかりの素足	cards/000081/card458.html	宮沢 賢治
card55428	光る生物	cards/001731/card55428.html	神田 左京
card45828	悲願に就て	cards/001095/card45828.html	坂口 安吾
card56888	「樋口一葉全集第二巻」後記	cards/001692/card56888.html	久保田 万太郎
card43595	美談附近	cards/001154/card43595.html	岸田 国士
card7937	一条の縄	cards/000311/card7937.html	宮本 百合子
card2024	火のついた踵	cards/000311/card2024.html	宮本 百合子
card324	非凡なる凡人	cards/000038/card324.html	国木田 独歩
card51329	干物	cards/000026/card51329.html	中原 中也
card54056	百姓仁平	cards/001471/card54056.html	今野 大力
card54	ひょっとこ	cards/000879/card54.html	芥川 龍之介
card98	蜜柑	cards/000879/card98.html	芥川 龍之介
card54527	未婚婦人	cards/001471/card54527.html	今野 大力
card45473	みじかい木ぺん	cards/000081/card45473.html	宮沢 賢治
card46565	水垢を凝視す	cards/001248/card46565.html	佐藤 垢石
card56533	水籠	cards/000058/card56533.html	伊藤 左千夫
card547	みだれ髪（昭和8年）	cards/000885/card547.html	与謝野 晶子
card548	みだれ髪（明治34年）	cards/000885/card548.html	与謝野 晶子
card46507	緑色の太陽	cards/001168/card46507.html	高村 光太郎
card54336	都の話	cards/001658/card54336.html	渡久山 水鳴
card52402	宮本武蔵	cards/001562/card52402.html	吉川 英治
card46269	「見ること」の意味	cards/001166/card46269.html	中井 正一
card57884	民種改善学の実際価値	cards/001474/card57884.html	丘 浅次郎
card58099	立春開門	cards/001906/card58099.html	河井 寛次郎
card53207	流言蜚語	cards/001569/card53207.html	中谷 宇吉郎
card3529	流線間諜	cards/000160/card3529.html	海野 十三
card46708	良心・第一義	cards/000096/card46708.html	夢野 久作
card50009	料理の第一歩	cards/001403/card50009.html	北大路 魯山人
card1641	緑衣人伝	cards/000154/card1641.html	田中 貢太郎
card1329	臨終まで	cards/000244/card1329.html	梶井 久
card53510	ヴエスヴイオ山	cards/001059/card53510.html	斎藤 茂吉
card45164	動く海底	cards/000809/card45164.html	宮原 晃一郎
card55033	氏	cards/001667/card55033.html	仲村 渠
card57563	嘘アつかねえ	cards/001869/card57563.html	山本 周五郎
card3653	唄立山心中一曲	cards/000050/card3653.html	泉 鏡花
card54365	歌のない歌	cards/001652/card54365.html	森川 義信
card54517	生る	cards/001471/card54517.html	今野 大力
card585	右門捕物帖	cards/000111/card585.html	佐々木 味津三
card582	右門捕物帖	cards/000111/card582.html	佐々木 味津三
card42488	偶像に就ての雑感	cards/000906/card42488.html	豊島 与志雄
card49807	くぐつ名義考	cards/001344/card49807.html	喜田 貞吉
card3944	くちなし	cards/000311/card3944.html	宮本 百合子
card681	栗山大膳	cards/000129/card681.html	森 鴎外
card4408	黒ぶだう	cards/000081/card4408.html	宮沢 賢治
card45802	群集の人	cards/001095/card45802.html	坂口 安吾
card1393	すかんぽ	cards/000120/card1393.html	木下 杢太郎
card57306	救われた稀本	cards/001569/card57306.html	中谷 宇吉郎
card4096	すゞろごと	cards/000064/card4096.html	樋口 一葉
card3715	追想	cards/000311/card3715.html	宮本 百合子
card51735	追放されて	cards/001155/card51735.html	チェーホフ アントン
card45324	塚越の話	cards/000183/card45324.html	牧野 信一
card51975	月と海豹	cards/001475/card51975.html	小川 未明
card4959	月夜のあとさき	cards/000278/card4959.html	津村 信夫
card46730	ツクツク法師	cards/000096/card46730.html	夢野 久作香倶土 三鳥
card4194	蔦の門	cards/000076/card4194.html	岡本 かの子
card45048	燕	cards/000136/card45048.html	山村 暮鳥
card57966	坪内先生を憶ふ	cards/000959/card57966.html	相馬 御風
card50603	釣場の研究	cards/001248/card50603.html	佐藤 垢石
card45214	吊籠と月光と	cards/000183/card45214.html	牧野 信一
card45167	風変りな決闘	cards/000809/card45167.html	宮原 晃一郎
card2573	風船美人	cards/000020/card2573.html	渡辺 温
card53180	不思議な魚	cards/001579/card53180.html	室生 犀星
card50983	不死の薬	cards/001475/card50983.html	小川 未明
card3785	拊掌談	cards/000879/card3785.html	芥川 龍之介
card49259	武士を夷ということの考	cards/001344/card49259.html	喜田 貞吉
card58084	婦人に対する実業思想の急務	cards/001879/card58084.html	大隈 重信
card55280	再び「科学の歴史的社会的制約」に就いて	cards/000281/card55280.html	戸坂 潤
card44745	二つの戯曲時代	cards/001154/card44745.html	岸田 国士
card56864	二人のセルヴィヤ人	cards/001796/card56864.html	辰野 隆
card57346	二人の稚児	cards/001383/card57346.html	谷崎 潤一郎
card57530	府中のけやき	cards/001799/card57530.html	中 勘助
card28	舞踏会	cards/000879/card28.html	芥川 龍之介
card51672	船の破片に残る話	cards/001475/card51672.html	小川 未明
card1880	舞馬	cards/000304/card1880.html	牧 逸馬
card48477	冬晴れ	cards/000293/card48477.html	原 民喜
card52711	古川ロッパ昭和日記	cards/001558/card52711.html	古川 緑波
card59656	不老長寿の秘訣	cards/001403/card59656.html	北大路 魯山人
card44315	文学か戯曲か	cards/001154/card44315.html	岸田 国士
card58491	文学史の第一着は出たり	cards/000157/card58491.html	北村 透谷
card2781	文芸時評	cards/000311/card2781.html	宮本 百合子
card2681	文芸は男子一生の事業とするに足らざる乎	cards/000148/card2681.html	夏目 漱石
card50625	噴水物語	cards/000076/card50625.html	岡本 かの子
card47117	昔の盲人と外国の盲人	cards/001288/card47117.html	宮城 道雄
card51278	夢幻泡影	cards/001499/card51278.html	外村 繁
card54392	（無題）	cards/001652/card54392.html	森川 義信
card55490	無題	cards/000678/card55490.html	富永 太郎
card52686	無題	cards/000035/card52686.html	太宰 治
card46976	無題Ⅱ	cards/000997/card46976.html	北条 民雄
card47725	村で見た黒川能	cards/000933/card47725.html	折口 信夫
card54389	悒鬱な花	cards/001652/card54389.html	森川 義信
card51769	夕暮の窓より	cards/001475/card51769.html	小川 未明
card45189	勇士ウ※［＃小書き片仮名ヲ］ルター（実話）	cards/000107/card45189.html	鈴木 三重吉
card1260	幽霊妻	cards/000236/card1260.html	大阪 圭吉
card53199	雪の十勝	cards/001569/card53199.html	中谷 宇吉郎
card56043	ゆく雲	cards/000064/card56043.html	樋口 一葉
card55426	ルウベンスの偽画	cards/001030/card55426.html	堀 辰雄
card46437	映画雑感（Ⅶ）	cards/000042/card46437.html	寺田 寅彦
card2498	映画雑感（Ⅳ）	cards/000042/card2498.html	寺田 寅彦
card53417	駅長	cards/000081/card53417.html	宮沢 賢治
card47882	Ｘ氏の手帳	cards/001030/card47882.html	堀 辰雄
card56091	江戸の火術	cards/001670/card56091.html	野村 胡堂
card59211	エリセーフ氏	cards/001569/card59211.html	中谷 宇吉郎
card44840	演劇の様式――総論	cards/001154/card44840.html	岸田 国士
card47150	慶応義塾新議	cards/000296/card47150.html	福沢 諭吉
card43670	経済学及び課税の諸原理	cards/001164/card43670.html	リカード デイヴィッド
card55536	形象の献辞	cards/001471/card55536.html	今野 大力
card3134	ケーテ・コルヴィッツの画業	cards/000311/card3134.html	宮本 百合子
card771	ケーベル先生の告別	cards/000148/card771.html	夏目 漱石
card44378	劇的伝統と劇的因襲	cards/001154/card44378.html	岸田 国士
card5054	源氏物語	cards/000052/card5054.html	紫式部 
card57899	憲政に於ける輿論の勢力	cards/001879/card57899.html	大隈 重信
card58103	現代学生立身方法	cards/001879/card58103.html	大隈 重信
card2966	現代の主題	cards/000311/card2966.html	宮本 百合子
card48079	現場の写真	cards/000262/card48079.html	小酒井 不木
card216	星座	cards/000025/card216.html	有島 武郎
card51240	青春回顧	cards/001497/card51240.html	吉井 勇
card53012	性に眼覚める頃	cards/001579/card53012.html	室生 犀星
card50510	青年に訴う	cards/001229/card50510.html	クロポトキン ピョートル・アレクセーヴィチ
card1816	清貧の書	cards/000291/card1816.html	林 芙美子
card58188	西隣塾記	cards/001867/card58188.html	小山 清
card4105	世界怪談名作集	cards/000905/card4105.html	ホーソーン ナサニエル
card42154	石鏃の思出話	cards/001054/card42154.html	浜田 青陵
card56372	銭形平次捕物控	cards/001670/card56372.html	野村 胡堂
card55506	銭形平次捕物控	cards/001670/card55506.html	野村 胡堂
card54594	銭形平次捕物控	cards/001670/card54594.html	野村 胡堂
card55680	銭形平次捕物控	cards/001670/card55680.html	野村 胡堂
card56345	銭形平次捕物控	cards/001670/card56345.html	野村 胡堂
card54717	銭形平次捕物控	cards/001670/card54717.html	野村 胡堂
card56374	銭形平次捕物控	cards/001670/card56374.html	野村 胡堂
card56405	銭形平次捕物控	cards/001670/card56405.html	野村 胡堂
card54667	銭形平次捕物控	cards/001670/card54667.html	野村 胡堂
card54731	銭形平次捕物控	cards/001670/card54731.html	野村 胡堂
card57200	銭形平次捕物控	cards/001670/card57200.html	野村 胡堂
card57199	銭形平次捕物控	cards/001670/card57199.html	野村 胡堂
card54560	銭形平次捕物控	cards/001670/card54560.html	野村 胡堂
card54576	銭形平次捕物控	cards/001670/card54576.html	野村 胡堂
card54584	銭形平次捕物控	cards/001670/card54584.html	野村 胡堂
card54578	銭形平次捕物控	cards/001670/card54578.html	野村 胡堂
card50595	戦場ヶ原の渓谷	cards/001248/card50595.html	佐藤 垢石
card57461	「先生を囲る話」について	cards/001569/card57461.html	中谷 宇吉郎
card44709	戦争と文化	cards/001154/card44709.html	岸田 国士
card43281	帝展を見ざるの記	cards/000042/card43281.html	寺田 寅彦
card51401	手紙	cards/000908/card51401.html	坂本 竜馬
card52027	手紙	cards/000908/card52027.html	坂本 竜馬
card56675	鉄塔の怪人	cards/001779/card56675.html	江戸川 乱歩
card58490	デモクラシーのいろいろ	cards/001937/card58490.html	笠 信太郎
card54974	てんぷらの茶漬け	cards/001403/card54974.html	北大路 魯山人
card24406	根岸庵を訪う記	cards/000042/card24406.html	寺田 寅彦
card42583	猫先生の弁	cards/000906/card42583.html	豊島 与志雄
card642	猫又先生	cards/000048/card642.html	南部 修太郎
card59872	猫料理	cards/001808/card59872.html	村松 梢風
card57870	鼠の湯治	cards/001569/card57870.html	中谷 宇吉郎
card50531	平民道	cards/000718/card50531.html	新渡戸 稲造
card55028	舳	cards/001667/card55028.html	仲村 渠
card33195	ペンネンネンネンネン・ネネムの伝記	cards/000081/card33195.html	宮沢 賢治
card2121	冥土行進曲	cards/000096/card2121.html	夢野 久作
card839	芽生	cards/000158/card839.html	島崎 藤村
card54803	メンデルスゾーンのヴァイオリンコンチェルト	cards/001675/card54803.html	竹内 浩三
card47973	レエモン ラジィゲ	cards/001030/card47973.html	堀 辰雄
card53742	歴史の矛盾性	cards/001535/card53742.html	津田 左右吉
card58185	生い立ちの記	cards/001867/card58185.html	小山 清
card45428	小川の流れ	cards/000183/card45428.html	牧野 信一
card661	小熊秀雄全集-06	cards/000124/card661.html	小熊 秀雄
card42196	小熊秀雄全集-22	cards/000124/card42196.html	小熊 秀雄
card46945	小栗判官論の計画	cards/000933/card46945.html	折口 信夫
card53457	おけらになった話	cards/001475/card53457.html	小川 未明
card5010	筬の音	cards/000933/card5010.html	折口 信夫
card54961	お茶漬けの味	cards/001403/card54961.html	北大路 魯山人
card53458	おばあさんと黒ねこ	cards/001475/card53458.html	小川 未明
card59876	オフ・ア・ラ・コック・ファンタスティーク	cards/001977/card59876.html	森 於菟
card48447	おふくろ	cards/000293/card48447.html	原 民喜
card44930	おまゝごと	cards/001172/card44930.html	村山 籌子
card15979	親子一体の教育法	cards/000311/card15979.html	宮本 百合子
card43775	俺の記	cards/000195/card43775.html	尾崎 放哉
card42663	女心の強ければ	cards/000906/card42663.html	豊島 与志雄
card53388	恋	cards/000081/card53388.html	宮沢 賢治
card42938	孔乙己	cards/001124/card42938.html	魯迅 
card1656	黄英	cards/000154/card1656.html	田中 貢太郎
card52900	公園へ行く道	cards/000183/card52900.html	牧野 信一
card53697	興行物天使	cards/001597/card53697.html	李 箱
card46367	黄山谷について	cards/001168/card46367.html	高村 光太郎
card1956	格子縞の毛布	cards/000311/card1956.html	宮本 百合子
card58057	洪川禅師のことども	cards/001833/card58057.html	鈴木 大拙
card24421	高知がえり	cards/000042/card24421.html	寺田 寅彦
card54796	五月のように	cards/001675/card54796.html	竹内 浩三
card33190	獄中への手紙	cards/000311/card33190.html	宮本 百合子
card773	こころ	cards/000148/card773.html	夏目 漱石
card56892	小桜姫物語	cards/001081/card56892.html	土井 晩翠
card1654	胡氏	cards/000154/card1654.html	田中 貢太郎
card2651	五色温泉スキー日記	cards/000864/card2651.html	板倉 勝宣
card45940	湖水と彼等	cards/000906/card45940.html	豊島 与志雄
card55110	古染付の絵付及び模様	cards/001403/card55110.html	北大路 魯山人
card2318	五題	cards/000072/card2318.html	山中 貞雄
card18397	古代人の思考の基礎	cards/000933/card18397.html	折口 信夫
card52381	古代之少女	cards/000058/card52381.html	伊藤 左千夫
card47356	其中日記	cards/000146/card47356.html	種田 山頭火
card43788	骨董	cards/000051/card43788.html	幸田 露伴
card3285	今年のことば	cards/000311/card3285.html	宮本 百合子
card52926	小鳥と兄妹	cards/001475/card52926.html	小川 未明
card49140	仔猫の「トラ」	cards/001346/card49140.html	片山 広子
card49497	「子猫ノハナシ」	cards/001346/card49497.html	片山 広子
card53463	小ねこはなにを知ったか	cards/001475/card53463.html	小川 未明
card2698	今度こそ	cards/000491/card2698.html	片岡 鉄兵
card2794	今日の文学の展望	cards/000311/card2794.html	宮本 百合子
card54965	昆布とろ	cards/001403/card54965.html	北大路 魯山人
card52128	続 手紙	cards/000908/card52128.html	坂本 竜馬
card54175	『東京八景』あとがき	cards/000035/card54175.html	太宰 治
card50745	東西相触れて	cards/000718/card50745.html	新渡戸 稲造
card3346	毒瓦斯発明官	cards/000160/card3346.html	海野 十三
card49655	途上	cards/000249/card49655.html	嘉村 礒多
card49714	図書館協会六十周年に寄せて	cards/001166/card49714.html	中井 正一
card52890	凸面鏡	cards/000183/card52890.html	牧野 信一
card4498	利根川の一夜	cards/000118/card4498.html	長塚 節
card59375	とびくらべ	cards/000019/card59375.html	アンデルセン ハンス・クリスチャン
card1947	鳥箱先生とフウねずみ	cards/000081/card1947.html	宮沢 賢治
card47959	トレドの風景	cards/000075/card47959.html	リルケ ライネル・マリア
card169	トロツコ	cards/000879/card169.html	芥川 龍之介
card53960	泥沼呪文	cards/000371/card53960.html	細井 和喜蔵
card45516	泥の雨	cards/001205/card45516.html	下村 千秋
card49536	能因法師	cards/000082/card49536.html	岡本 綺堂
card2386	農民芸術概論綱要	cards/000081/card2386.html	宮沢 賢治
card42415	野ざらし	cards/000906/card42415.html	豊島 与志雄
card42496	野に声なし	cards/000906/card42496.html	豊島 与志雄
card4110	野道	cards/000051/card4110.html	幸田 露伴
card54976	海苔の茶漬け	cards/001403/card54976.html	北大路 魯山人
card57312	防寒戸	cards/001569/card57312.html	中谷 宇吉郎
card873	放送された遺言	cards/000160/card873.html	海野 十三
card4810	朴の咲く頃	cards/001030/card4810.html	堀 辰雄
card45180	星の女	cards/000107/card45180.html	鈴木 三重吉
card47983	蛍	cards/000355/card47983.html	上村 松園
card53995	墓地	cards/001604/card53995.html	桜間 中庸
card53476	北海の波にさらわれた蛾	cards/001475/card53476.html	小川 未明
card752	坊っちゃん	cards/000148/card752.html	夏目 漱石
card47382	盲目	cards/000008/card47382.html	島木 健作
card53441	〔モザイク成り〕	cards/000081/card53441.html	宮沢 賢治
card56004	文字に対する敏感	cards/001692/card56004.html	久保田 万太郎
card53530	餅の歌	cards/001585/card53530.html	槙村 浩
card18390	物のいわれ	cards/000329/card18390.html	楠山 正雄
card54425	森の石松	cards/000072/card54425.html	山中 貞雄
card1133	文部省の仮名遣改定案について	cards/000879/card1133.html	芥川 龍之介
card49671	洋服論	cards/001341/card49671.html	永井 荷風
card52526	容貌	cards/000035/card52526.html	太宰 治
card45888	予告殺人事件	cards/001095/card45888.html	坂口 安吾
card44756	横光君の印象	cards/001154/card44756.html	岸田 国士
card56101	芳年写生帖	cards/001670/card56101.html	野村 胡堂
card49576	四十年前	cards/000165/card49576.html	内田 魯庵
card55579	老将軍と大学教授	cards/001471/card55579.html	今野 大力
card46495	ロウモン街の自殺ホテル	cards/000304/card46495.html	牧 逸馬
card47002	論理と直観	cards/000218/card47002.html	三木 清
